date,price_usd_per_ton
2015-01-02,23.99256706237793
2015-01-05,23.01369857788086
2015-01-06,23.116376876831055
2015-01-07,23.40387725830078
2015-01-08,23.780366897583008
2015-01-09,23.50655746459961
2015-01-12,23.0889949798584
2015-01-13,22.705659866333008
2015-01-14,22.034828186035156
2015-01-15,21.952686309814453
2015-01-16,22.4523868560791
2015-01-20,22.383935928344727
2015-01-21,22.849411010742188
2015-01-22,23.054767608642578
2015-01-23,21.973220825195312
2015-01-26,22.10327911376953
2015-01-27,22.110124588012695
2015-01-28,21.733638763427734
2015-01-29,21.548816680908203
2015-01-30,21.637805938720703
2015-02-02,22.06905746459961
2015-02-03,23.130069732666016
2015-02-04,22.46607780456543
2015-02-05,22.965778350830078
2015-02-06,22.73304557800293
2015-02-09,23.205364227294922
2015-02-10,22.68512535095215
2015-02-11,22.698816299438477
2015-02-12,23.31489372253418
2015-02-13,24.095247268676758
2015-02-17,23.80774688720703
2015-02-18,23.80774688720703
2015-02-19,23.65715217590332
2015-02-20,23.8898868560791
2015-02-23,23.30804443359375
2015-02-24,23.691375732421875
2015-02-25,23.609237670898438
2015-02-26,23.280662536621094
2015-02-27,23.266969680786133
2015-03-02,23.054767608642578
2015-03-03,22.993160247802734
2015-03-04,22.767269134521484
2015-03-05,22.596139907836914
2015-03-06,22.075899124145508
2015-03-09,21.959529876708984
2015-03-10,21.446138381958008
2015-03-11,21.480365753173828
2015-03-12,21.69256591796875
2015-03-13,21.199708938598633
2015-03-16,21.15863800048828
2015-03-17,21.398221969604492
2015-03-18,22.021135330200195
2015-03-19,21.268159866333008
2015-03-20,21.870542526245117
2015-03-23,22.4523868560791
2015-03-24,22.158042907714844
2015-03-25,22.082744598388672
2015-03-26,21.706256866455078
2015-03-27,21.288698196411133
2015-03-30,21.665184020996094
2015-03-31,21.363996505737305
2015-04-01,21.144948959350586
2015-04-02,21.480365753173828
2015-04-06,21.67203140258789
2015-04-07,21.932151794433594
2015-04-08,21.959529876708984
2015-04-09,21.986913681030273
2015-04-10,21.925302505493164
2015-04-13,21.706256866455078
2015-04-14,22.397626876831055
2015-04-15,22.869949340820312
2015-04-16,22.48661231994629
2015-04-17,22.048519134521484
2015-04-20,22.219650268554688
2015-04-21,22.199113845825195
2015-04-22,22.75358009338379
2015-04-23,23.80774688720703
2015-04-24,24.30060386657715
2015-04-27,24.499116897583008
2015-04-28,24.670246124267578
2015-04-29,23.94465446472168
2015-04-30,24.129472732543945
2015-05-01,24.464893341064453
2015-05-04,24.594947814941406
2015-05-05,25.067270278930664
2015-05-06,24.718162536621094
2015-05-07,24.293758392333984
2015-05-08,24.478578567504883
2015-05-11,24.670246124267578
2015-05-12,24.444358825683594
2015-05-13,24.348522186279297
2015-05-14,24.519649505615234
2015-05-15,24.444358825683594
2015-05-18,23.99256706237793
2015-05-19,23.45179557800293
2015-05-20,23.609237670898438
2015-05-21,23.45179557800293
2015-05-22,23.486021041870117
2015-05-26,22.938398361206055
2015-05-27,23.0889949798584
2015-05-28,22.85625648498535
2015-05-29,22.623516082763672
2015-06-01,22.445547103881836
2015-06-02,23.376501083374023
2015-06-03,23.287511825561523
2015-06-04,22.883638381958008
2015-06-05,22.698816299438477
2015-06-08,22.4592342376709
2015-06-09,22.47292709350586
2015-06-10,22.945249557495117
2015-06-11,22.917865753173828
2015-06-12,22.794647216796875
2015-06-15,22.322328567504883
2015-06-16,22.233341217041016
2015-06-17,22.14435386657715
2015-06-18,22.404470443725586
2015-06-19,22.116973876953125
2015-06-22,22.13750457763672
2015-06-23,22.33601951599121
2015-06-24,22.123817443847656
2015-06-25,21.8294734954834
2015-06-26,21.870542526245117
2015-06-29,21.309232711791992
2015-06-30,20.836912155151367
2015-07-01,20.720544815063477
2015-07-02,20.611019134521484
2015-07-06,20.02232551574707
2015-07-07,20.00179100036621
2015-07-08,19.194055557250977
2015-07-09,19.269351959228516
2015-07-10,19.467863082885742
2015-07-13,20.19346046447754
2015-07-14,19.96072006225586
2015-07-15,19.413105010986328
2015-07-16,19.37203025817871
2015-07-17,18.99554443359375
2015-07-20,18.708044052124023
2015-07-21,18.797027587890625
2015-07-22,18.324708938598633
2015-07-23,18.358936309814453
2015-07-24,17.825008392333984
2015-07-27,17.742862701416016
2015-07-28,18.434234619140625
2015-07-29,18.96131706237793
2015-07-30,18.516372680664062
2015-07-31,18.420541763305664
2015-08-03,18.228872299194336
2015-08-04,18.40000343322754
2015-08-05,18.625898361206055
2015-08-06,19.016077041625977
2015-08-07,18.619054794311523
2015-08-10,19.419946670532227
2015-08-11,18.63274383544922
2015-08-12,18.550601959228516
2015-08-13,18.160425186157227
2015-08-14,18.331552505493164
2015-08-17,18.358936309814453
2015-08-18,18.0577449798584
2015-08-19,17.54435157775879
2015-08-20,17.373220443725586
2015-08-21,16.798221588134766
2015-08-24,15.8535795211792
2015-08-25,15.689290046691895
2015-08-26,16.100006103515625
2015-08-27,17.229469299316406
2015-08-28,17.304767608642578
2015-08-31,17.380064010620117
2015-09-01,16.709232330322266
2015-09-02,17.058338165283203
2015-09-03,17.161020278930664
2015-09-04,16.565481185913086
2015-09-08,17.133636474609375
2015-09-09,17.017269134521484
2015-09-10,17.19524383544922
2015-09-11,17.092561721801758
2015-09-14,16.763994216918945
2015-09-15,16.709232330322266
2015-09-16,17.099409103393555
2015-09-17,17.092561721801758
2015-09-18,16.53125762939453
2015-09-21,16.414888381958008
2015-09-22,15.73720932006836
2015-09-23,15.169052124023438
2015-09-24,15.511314392089844
2015-09-25,15.210124015808105
2015-09-28,14.532445907592773
2015-09-29,14.621434211730957
2015-09-30,14.792566299438477
2015-10-01,14.867859840393066
2015-10-02,15.436015129089355
2015-10-05,16.134231567382812
2015-10-06,16.45595932006836
2015-10-07,17.08572006225586
2015-10-08,17.537504196166992
2015-10-09,17.975601196289062
2015-10-12,17.51012420654297
2015-10-13,17.133636474609375
2015-10-14,17.366374969482422
2015-10-15,17.68125343322754
2015-10-16,17.482742309570312
2015-10-19,16.852981567382812
2015-10-20,16.47649383544922
2015-10-21,16.284828186035156
2015-10-22,16.79137420654297
2015-10-23,16.907745361328125
2015-10-26,16.497026443481445
2015-10-27,16.20268440246582
2015-10-28,16.291671752929688
2015-10-29,16.11369514465332
2015-10-30,16.3395938873291
2015-11-02,16.770841598510742
2015-11-03,17.058338165283203
2015-11-04,16.798221588134766
2015-11-05,16.353281021118164
2015-11-06,16.23691177368164
2015-11-09,15.96994686126709
2015-11-10,16.01786231994629
2015-11-11,15.90149211883545
2015-11-12,15.394944190979004
2015-11-13,15.408636093139648
2015-11-16,15.504470825195312
2015-11-17,15.16220760345459
2015-11-18,15.75774097442627
2015-11-19,15.84673023223877
2015-11-20,15.59345817565918
2015-11-23,15.401789665222168
2015-11-24,15.791966438293457
2015-11-25,15.545540809631348
2015-11-27,15.436015129089355
2015-11-30,15.367566108703613
2015-12-01,15.429169654846191
2015-12-02,15.10059928894043
2015-12-03,14.991076469421387
2015-12-04,14.874709129333496
2015-12-07,14.429766654968262
2015-12-08,13.902681350708008
2015-12-09,14.149114608764648
2015-12-10,14.52559757232666
2015-12-11,13.943756103515625
2015-12-14,13.765778541564941
2015-12-15,13.806851387023926
2015-12-16,13.895837783813477
2015-12-17,13.526196479797363
2015-12-18,13.539885520935059
2015-12-21,13.628768920898438
2015-12-22,14.15628719329834
2015-12-23,14.683806419372559
2015-12-24,14.575410842895508
2015-12-28,14.286359786987305
2015-12-29,14.344170570373535
2015-12-30,14.206868171691895
2015-12-31,14.091252326965332
2016-01-04,13.845556259155273
2016-01-05,13.917821884155273
2016-01-06,13.390301704406738
2016-01-07,12.696578979492188
2016-01-08,12.429205894470215
2016-01-11,12.212417602539062
2016-01-12,12.075117111206055
2016-01-13,11.757161140441895
2016-01-14,12.176286697387695
2016-01-15,11.61986255645752
2016-01-19,11.655993461608887
2016-01-20,11.504241943359375
2016-01-21,11.61263656616211
2016-01-22,11.793292045593262
2016-01-25,11.497016906738281
2016-01-26,12.082344055175781
2016-01-27,11.930594444274902
2016-01-28,12.140153884887695
2016-01-29,12.725483894348145
2016-02-01,12.617088317871094
2016-02-02,12.140153884887695
2016-02-03,12.631542205810547
2016-02-04,13.51314926147461
2016-02-05,13.187965393066406
2016-02-08,12.913368225097656
2016-02-09,12.573731422424316
2016-02-10,12.544825553894043
2016-02-11,12.176286697387695
2016-02-12,12.927818298339844
2016-02-16,13.346942901611328
2016-02-17,13.89614200592041
2016-02-18,13.563733100891113
2016-02-19,13.498695373535156
2016-02-22,14.1996488571167
2016-02-23,13.672127723693848
2016-02-24,13.63599681854248
2016-02-25,13.57095718383789
2016-02-26,13.643220901489258
2016-02-29,14.040668487548828
2016-03-01,14.589862823486328
2016-03-02,15.753294944763184
2016-03-03,16.230228424072266
2016-03-04,16.866140365600586
2016-03-07,17.646581649780273
2016-03-08,16.4831485748291
2016-03-09,16.490379333496094
2016-03-10,16.952857971191406
2016-03-11,17.11183738708496
2016-03-14,16.974536895751953
2016-03-15,16.36030387878418
2016-03-16,17.090158462524414
2016-03-17,17.950084686279297
2016-03-18,18.051252365112305
2016-03-21,17.913955688476562
2016-03-22,18.051252365112305
2016-03-23,17.29249382019043
2016-03-24,17.639354705810547
2016-03-28,17.71884536743164
2016-03-29,17.848920822143555
2016-03-30,18.21746063232422
2016-03-31,18.058481216430664
2016-04-01,18.296947479248047
2016-04-04,17.754976272583008
2016-04-05,17.76943016052246
2016-04-06,17.885051727294922
2016-04-07,17.516508102416992
2016-04-08,18.412569046020508
2016-04-11,19.164100646972656
2016-04-12,19.872276306152344
2016-04-13,20.96344566345215
2016-04-14,20.558773040771484
2016-04-15,20.659940719604492
2016-04-18,20.78278923034668
2016-04-19,21.592132568359375
2016-04-20,21.98235321044922
2016-04-21,21.36811637878418
2016-04-22,21.266950607299805
2016-04-25,20.356433868408203
2016-04-26,20.790016174316406
2016-04-27,21.22359275817871
2016-04-28,21.2380428314209
2016-04-29,21.42593002319336
2016-05-02,21.418701171875
2016-05-03,20.26249885559082
2016-05-04,19.90840721130371
2016-05-05,19.539867401123047
2016-05-06,19.85059928894043
2016-05-09,18.36198616027832
2016-05-10,19.012348175048828
2016-05-11,18.990671157836914
2016-05-12,18.557090759277344
2016-05-13,17.993446350097656
2016-05-16,18.24636459350586
2016-05-17,18.275266647338867
2016-05-18,17.617677688598633
2016-05-19,17.63212776184082
2016-05-20,17.530961990356445
2016-05-23,17.726070404052734
2016-05-24,17.63212776184082
2016-05-25,18.1307430267334
2016-05-26,18.275266647338867
2016-05-27,18.015121459960938
2016-05-31,18.02235221862793
2016-06-01,18.051252365112305
2016-06-02,18.318626403808594
2016-06-03,18.98344612121582
2016-06-06,19.61935806274414
2016-06-07,19.64826011657715
2016-06-08,20.45037841796875
2016-06-09,19.691619873046875
2016-06-10,19.323081970214844
2016-06-13,19.019577026367188
2016-06-14,18.57876968383789
2016-06-15,19.12796974182129
2016-06-16,19.229137420654297
2016-06-17,19.388118743896484
2016-06-20,19.893957138061523
2016-06-21,19.604904174804688
2016-06-22,19.4820556640625
2016-06-23,20.2119140625
2016-06-24,18.54986572265625
2016-06-27,18.065706253051758
2016-06-28,18.752201080322266
2016-06-29,19.185781478881836
2016-06-30,19.951766967773438
2016-07-01,20.493736267089844
2016-07-05,19.857826232910156
2016-07-06,20.103515625
2016-07-07,19.966217041015625
2016-07-08,20.73220443725586
2016-07-11,21.346437454223633
2016-07-12,22.191913604736328
2016-07-13,22.350894927978516
2016-07-14,22.473739624023438
2016-07-15,22.480966567993164
2016-07-18,22.654394149780273
2016-07-19,21.881183624267578
2016-07-20,21.577682495117188
2016-07-21,21.68607521057129
2016-07-22,21.96067237854004
2016-07-25,21.866731643676758
2016-07-26,22.900089263916016
2016-07-27,23.145780563354492
2016-07-28,23.174686431884766
2016-07-29,23.246952056884766
2016-08-01,22.820602416992188
2016-08-02,22.41592788696289
2016-08-03,23.001258850097656
2016-08-04,23.080747604370117
2016-08-05,23.49987030029297
2016-08-08,23.3553466796875
2016-08-09,23.160232543945312
2016-08-10,22.835052490234375
2016-08-11,23.03016471862793
2016-08-12,22.365345001220703
2016-08-15,23.044614791870117
2016-08-16,23.066293716430664
2016-08-17,22.928993225097656
2016-08-18,23.21804428100586
2016-08-19,22.755563735961914
2016-08-22,22.51709747314453
2016-08-23,22.59658432006836
2016-08-24,21.94622230529785
2016-08-25,22.047388076782227
2016-08-26,21.801694869995117
2016-08-29,22.293079376220703
2016-08-30,21.780014038085938
2016-08-31,21.512645721435547
2016-09-01,21.642715454101562
2016-09-02,22.011255264282227
2016-09-06,22.452058792114258
2016-09-07,22.372568130493164
2016-09-08,22.199138641357422
2016-09-09,21.064613342285156
2016-09-12,21.41147232055664
2016-09-13,20.22636604309082
2016-09-14,20.284177780151367
2016-09-15,20.52264404296875
2016-09-16,20.276948928833008
2016-09-19,20.724979400634766
2016-09-20,20.69607162475586
2016-09-21,21.642715454101562
2016-09-22,21.83060073852539
2016-09-23,21.85950469970703
2016-09-26,21.765560150146484
2016-09-27,21.787240982055664
2016-09-28,22.748336791992188
2016-09-29,22.278629302978516
2016-09-30,22.437606811523438
2016-10-03,22.488191604614258
2016-10-04,21.96067237854004
2016-10-05,22.40869903564453
2016-10-06,22.430381774902344
2016-10-07,22.473739624023438
2016-10-10,22.965126037597656
2016-10-11,22.524320602416992
2016-10-12,22.67607307434082
2016-10-13,21.996803283691406
2016-10-14,22.177459716796875
2016-10-17,22.34366798400879
2016-10-18,22.820602416992188
2016-10-19,23.189138412475586
2016-10-20,23.478191375732422
2016-10-21,23.615489959716797
2016-10-24,23.904544830322266
2016-10-25,24.114105224609375
2016-10-26,24.1213321685791
2016-10-27,23.72388458251953
2016-10-28,23.752792358398438
2016-10-31,24.02016258239746
2016-11-01,23.68775177001953
2016-11-02,23.290307998657227
2016-11-03,23.767244338989258
2016-11-04,23.767244338989258
2016-11-07,24.793376922607422
2016-11-08,25.01738739013672
2016-11-09,26.36870765686035
2016-11-10,27.069650650024414
2016-11-11,26.82396125793457
2016-11-14,27.611623764038086
2016-11-15,27.235857009887695
2016-11-16,26.780603408813477
2016-11-17,26.83841323852539
2016-11-18,26.61440086364746
2016-11-21,27.2647647857666
2016-11-22,28.905126571655273
2016-11-23,29.28089714050293
2016-11-25,29.29534912109375
2016-11-28,29.461549758911133
2016-11-29,28.51490592956543
2016-11-30,28.666658401489258
2016-12-01,28.57271957397461
2016-12-02,29.035205841064453
2016-12-05,29.89513397216797
2016-12-06,30.13359260559082
2016-12-07,31.11637306213379
2016-12-08,31.02243423461914
2016-12-09,30.25644874572754
2016-12-12,30.017980575561523
2016-12-13,29.432645797729492
2016-12-14,29.05687713623047
2016-12-15,29.20863151550293
2016-12-16,28.522138595581055
2016-12-19,27.924945831298828
2016-12-20,28.58930206298828
2016-12-21,28.611204147338867
2016-12-22,28.070953369140625
2016-12-23,28.049057006835938
2016-12-27,28.47249984741211
2016-12-28,28.23887062072754
2016-12-29,28.143962860107422
2016-12-30,27.589115142822266
2017-01-03,28.428686141967773
2017-01-04,28.881328582763672
2017-01-05,29.093046188354492
2017-01-06,28.392183303833008
2017-01-09,28.24617576599121
2017-01-10,29.633296966552734
2017-01-11,30.210046768188477
2017-01-12,30.020225524902344
2017-01-13,29.947223663330078
2017-01-17,29.896120071411133
2017-01-18,30.516666412353516
2017-01-19,30.012929916381836
2017-01-20,30.100534439086914
2017-01-23,30.567773818969727
2017-01-24,31.202926635742188
2017-01-25,31.005815505981445
2017-01-26,30.96930694580078
2017-01-27,31.027719497680664
2017-01-30,30.246545791625977
2017-01-31,30.158939361572266
2017-02-01,30.39255714416504
2017-02-02,30.735694885253906
2017-02-03,29.903417587280273
2017-02-06,29.735506057739258
2017-02-07,29.647891998291016
2017-02-08,29.903417587280273
2017-02-09,30.713788986206055
2017-02-10,31.546064376831055
2017-02-13,32.75796890258789
2017-02-14,32.51704788208008
2017-02-15,32.60465621948242
2017-02-16,32.473236083984375
2017-02-17,32.32722854614258
2017-02-21,33.04999542236328
2017-02-22,32.728763580322266
2017-02-23,31.44385528564453
2017-02-24,31.07151985168457
2017-02-27,31.611766815185547
2017-02-28,31.290544509887695
2017-03-01,32.31262969970703
2017-03-02,30.991209030151367
2017-03-03,31.34894561767578
2017-03-06,30.764892578125
2017-03-07,30.224645614624023
2017-03-08,29.487279891967773
2017-03-09,29.166051864624023
2017-03-10,29.19525909423828
2017-03-13,29.98372459411621
2017-03-14,29.83770751953125
2017-03-15,31.41465187072754
2017-03-16,31.378150939941406
2017-03-17,31.078819274902344
2017-03-20,31.327043533325195
2017-03-21,29.545682907104492
2017-03-22,29.845016479492188
2017-03-23,29.479978561401367
2017-03-24,29.05653953552246
2017-03-27,28.93243408203125
2017-03-28,29.443477630615234
2017-03-29,29.56028938293457
2017-03-30,29.487279891967773
2017-03-31,29.472679138183594
2017-04-03,29.26095962524414
2017-04-04,29.698999404907227
2017-04-05,28.859426498413086
2017-04-06,28.983537673950195
2017-04-07,29.129549026489258
2017-04-10,28.96162986755371
2017-04-11,29.15874671936035
2017-04-12,27.778932571411133
2017-04-13,27.121875762939453
2017-04-17,27.151073455810547
2017-04-18,26.851747512817383
2017-04-19,26.618127822875977
2017-04-20,27.567211151123047
2017-04-21,27.625619888305664
2017-04-24,28.173171997070312
2017-04-25,28.40678596496582
2017-04-26,27.9322452545166
2017-04-27,27.69862174987793
2017-04-28,27.77163314819336
2017-05-01,27.90304946899414
2017-05-02,27.859237670898438
2017-05-03,26.946659088134766
2017-05-04,26.428316116333008
2017-05-05,26.7203369140625
2017-05-08,26.399110794067383
2017-05-09,26.501319885253906
2017-05-10,26.778745651245117
2017-05-11,26.713037490844727
2017-05-12,26.38450813293457
2017-05-15,26.98316192626953
2017-05-16,27.297086715698242
2017-05-17,26.625431060791016
2017-05-18,25.953773498535156
2017-05-19,26.7568416595459
2017-05-22,26.822547912597656
2017-05-23,27.413902282714844
2017-05-24,26.98316192626953
2017-05-25,26.939363479614258
2017-05-26,26.917457580566406
2017-05-30,27.114574432373047
2017-05-31,26.713037490844727
2017-06-01,26.7568416595459
2017-06-02,26.55242347717285
2017-06-05,26.647329330444336
2017-06-06,26.53782081604004
2017-06-07,26.428316116333008
2017-06-08,27.19487953186035
2017-06-09,27.260589599609375
2017-06-12,27.202177047729492
2017-06-13,27.165678024291992
2017-06-14,26.581623077392578
2017-06-15,25.902667999267578
2017-06-16,25.93187141418457
2017-06-19,26.194692611694336
2017-06-20,25.683650970458984
2017-06-21,25.756656646728516
2017-06-22,26.158191680908203
2017-06-23,26.581623077392578
2017-06-26,26.669235229492188
2017-06-27,26.778745651245117
2017-06-28,27.80083656311035
2017-06-29,27.80083656311035
2017-06-30,28.10746192932129
2017-07-03,28.538198471069336
2017-07-05,28.42138671875
2017-07-06,28.33378028869629
2017-07-07,28.18776512145996
2017-07-10,28.68421173095703
2017-07-11,29.078447341918945
2017-07-12,29.37047004699707
2017-07-13,29.56758689880371
2017-07-14,29.56028938293457
2017-07-17,29.87421417236328
2017-07-18,29.75740623474121
2017-07-19,30.253847122192383
2017-07-20,29.961824417114258
2017-07-21,29.5164852142334
2017-07-24,29.69169044494629
2017-07-25,30.531272888183594
2017-07-26,30.0859317779541
2017-07-27,29.91071891784668
2017-07-28,29.61138916015625
2017-07-31,30.04943084716797
2017-08-01,29.647891998291016
2017-08-02,29.531084060668945
2017-08-03,29.36317253112793
2017-08-04,29.80120849609375
2017-08-07,30.57508087158203
2017-08-08,30.40716552734375
2017-08-09,30.129737854003906
2017-08-10,29.742807388305664
2017-08-11,29.239055633544922
2017-08-14,29.37047004699707
2017-08-15,29.217159271240234
2017-08-16,29.830413818359375
2017-08-17,29.0273380279541
2017-08-18,29.34856605529785
2017-08-21,29.209854125976562
2017-08-22,29.78660774230957
2017-08-23,30.370651245117188
2017-08-24,30.39255714416504
2017-08-25,30.516666412353516
2017-08-28,30.57508087158203
2017-08-29,30.67728614807129
2017-08-30,30.98391342163086
2017-08-31,31.159130096435547
2017-09-01,31.83809471130371
2017-09-05,31.648265838623047
2017-09-06,31.89649200439453
2017-09-07,32.06440353393555
2017-09-08,31.560667037963867
2017-09-11,31.933000564575195
2017-09-12,31.95490074157715
2017-09-13,31.706676483154297
2017-09-14,31.224834442138672
2017-09-15,31.341642379760742
2017-09-18,31.699373245239258
2017-09-19,31.626367568969727
2017-09-20,31.567962646484375
2017-09-21,30.92551040649414
2017-09-22,30.604278564453125
2017-09-25,30.239248275756836
2017-09-26,30.312252044677734
2017-09-27,30.480167388916016
2017-09-28,30.443666458129883
2017-09-29,30.808700561523438
2017-10-02,31.159130096435547
2017-10-03,31.4073486328125
2017-10-04,31.494958877563477
2017-10-05,31.392749786376953
2017-10-06,31.254039764404297
2017-10-09,30.626182556152344
2017-10-10,30.74298667907715
2017-10-11,30.74298667907715
2017-10-12,31.005815505981445
2017-10-13,32.14471435546875
2017-10-16,32.03520584106445
2017-10-17,31.69207763671875
2017-10-18,31.728572845458984
2017-10-19,31.933000564575195
2017-10-20,32.21772766113281
2017-10-23,31.903791427612305
2017-10-24,32.436744689941406
2017-10-25,32.108211517333984
2017-10-26,31.830785751342773
2017-10-27,31.76508903503418
2017-10-30,31.23943328857422
2017-10-31,30.940113067626953
2017-11-01,31.18832778930664
2017-11-02,31.487655639648438
2017-11-03,31.137224197387695
2017-11-06,31.589868545532227
2017-11-07,31.064220428466797
2017-11-08,31.056921005249023
2017-11-09,30.545875549316406
2017-11-10,30.42176628112793
2017-11-13,30.312252044677734
2017-11-14,29.436180114746094
2017-11-15,29.385074615478516
2017-11-16,29.596797943115234
2017-11-17,29.830413818359375
2017-11-20,30.122434616088867
2017-11-21,30.516666412353516
2017-11-22,30.79410171508789
2017-11-24,31.005815505981445
2017-11-27,30.74298667907715
2017-11-28,30.881704330444336
2017-11-29,30.947412490844727
2017-11-30,30.92551040649414
2017-12-01,30.932802200317383
2017-12-04,31.53145408630371
2017-12-05,30.903602600097656
2017-12-06,31.078819274902344
2017-12-07,31.217533111572266
2017-12-08,31.597164154052734
2017-12-11,31.933000564575195
2017-12-12,32.04250717163086
2017-12-13,32.10091018676758
2017-12-14,31.516860961914062
2017-12-15,31.947593688964844
2017-12-18,32.79441452026367
2017-12-19,32.84681701660156
2017-12-20,33.52816390991211
2017-12-21,33.924991607666016
2017-12-22,33.805206298828125
2017-12-26,34.1795654296875
2017-12-27,34.07243347167969
2017-12-28,34.52942657470703
2017-12-29,34.3496208190918
2018-01-02,35.7580680847168
2018-01-03,36.15513610839844
2018-01-04,36.49225997924805
2018-01-05,36.634613037109375
2018-01-08,37.21146774291992
2018-01-09,36.97922897338867
2018-01-10,37.129066467285156
2018-01-11,38.20787048339844
2018-01-12,38.31275939941406
2018-01-16,37.4287223815918
2018-01-17,38.08051681518555
2018-01-18,37.631011962890625
2018-01-19,37.77334976196289
2018-01-22,37.803314208984375
2018-01-23,37.53361511230469
2018-01-24,37.97562789916992
2018-01-25,37.87823486328125
2018-01-26,38.28278732299805
2018-01-29,37.998104095458984
2018-01-30,37.38378143310547
2018-01-31,37.03166580200195
2018-02-01,37.15153503417969
2018-02-02,35.608238220214844
2018-02-05,34.73170471191406
2018-02-06,35.86295700073242
2018-02-07,35.121273040771484
2018-02-08,33.95255661010742
2018-02-09,34.65678405761719
2018-02-12,35.46589279174805
2018-02-13,35.900413513183594
2018-02-14,37.24892807006836
2018-02-15,37.53361511230469
2018-02-16,38.48506546020508
2018-02-20,37.713417053222656
2018-02-21,37.4287223815918
2018-02-22,37.66097640991211
2018-02-23,38.0505485534668
2018-02-26,38.73229217529297
2018-02-27,38.08800506591797
2018-02-28,36.86684799194336
2018-03-01,37.286380767822266
2018-03-02,36.91929244995117
2018-03-05,36.90430450439453
2018-03-06,37.01668930053711
2018-03-07,37.061641693115234
2018-03-08,36.319950103759766
2018-03-09,36.54470443725586
2018-03-12,36.79941940307617
2018-03-13,36.34992218017578
2018-03-14,35.93038558959961
2018-03-15,35.555789947509766
2018-03-16,35.7580680847168
2018-03-19,35.016387939453125
2018-03-20,34.96394729614258
2018-03-21,35.96034622192383
2018-03-22,33.90011978149414
2018-03-23,33.27081298828125
2018-03-26,34.01998519897461
2018-03-27,33.428138732910156
2018-03-28,33.15095138549805
2018-03-29,34.3046760559082
2018-04-02,33.8252067565918
2018-04-03,34.124874114990234
2018-04-04,34.03497314453125
2018-04-05,34.99391555786133
2018-04-06,33.90760803222656
2018-04-09,33.72032165527344
2018-04-10,34.96394729614258
2018-04-11,34.91899490356445
2018-04-12,35.278602600097656
2018-04-13,35.166229248046875
2018-04-16,35.2336540222168
2018-04-17,35.88542938232422
2018-04-18,37.05414581298828
2018-04-19,37.21146774291992
2018-04-20,36.881832122802734
2018-04-23,36.379886627197266
2018-04-24,36.50724792480469
2018-04-25,36.28998565673828
2018-04-26,37.18150329589844
2018-04-27,36.402366638183594
2018-04-30,36.24503707885742
2018-05-01,35.825496673583984
2018-05-02,35.99031448364258
2018-05-03,36.38737869262695
2018-05-04,36.80691909790039
2018-05-07,36.76946258544922
2018-05-08,36.559688568115234
2018-05-09,36.90430450439453
2018-05-10,37.57107162475586
2018-05-11,37.65348434448242
2018-05-14,37.78084182739258
2018-05-15,37.82579040527344
2018-05-16,38.64988327026367
2018-05-17,38.58995056152344
2018-05-18,38.005592346191406
2018-05-21,37.713417053222656
2018-05-22,37.758365631103516
2018-05-23,37.10658264160156
2018-05-24,36.96424102783203
2018-05-25,36.34992218017578
2018-05-29,35.33852767944336
2018-05-30,36.027774810791016
2018-05-31,35.832984924316406
2018-06-01,36.44731140136719
2018-06-04,36.731998443603516
2018-06-05,36.91180419921875
2018-06-06,37.62351989746094
2018-06-07,36.619625091552734
2018-06-08,36.62711715698242
2018-06-11,36.776947021484375
2018-06-12,36.8218994140625
2018-06-13,36.634613037109375
2018-06-14,36.44731140136719
2018-06-15,35.480873107910156
2018-06-18,35.555789947509766
2018-06-19,34.7691650390625
2018-06-20,35.24863815307617
2018-06-21,34.544410705566406
2018-06-22,35.226158142089844
2018-06-25,34.109886169433594
2018-06-26,34.3496208190918
2018-06-27,33.77276611328125
2018-06-28,33.840187072753906
2018-06-29,33.92259216308594
2018-07-02,33.66038513183594
2018-07-03,33.55550003051758
2018-07-05,34.01998519897461
2018-07-06,34.40956115722656
2018-07-09,34.98642349243164
2018-07-10,35.06883239746094
2018-07-11,34.0050048828125
2018-07-12,34.40206527709961
2018-07-13,34.40956115722656
2018-07-16,34.16232681274414
2018-07-17,34.62682342529297
2018-07-18,35.02388000488281
2018-07-19,34.33464050292969
2018-07-20,34.491966247558594
2018-07-23,34.96394729614258
2018-07-24,35.9753303527832
2018-07-25,36.252525329589844
2018-07-26,35.88542938232422
2018-07-27,36.01279067993164
2018-07-30,35.96034622192383
2018-07-31,35.8779411315918
2018-08-01,35.4359245300293
2018-08-02,34.70173645019531
2018-08-03,35.166229248046875
2018-08-06,34.836585998535156
2018-08-07,34.8890266418457
2018-08-08,34.79163360595703
2018-08-09,34.282203674316406
2018-08-10,33.60044860839844
2018-08-13,33.2183723449707
2018-08-14,33.2183723449707
2018-08-15,31.989728927612305
2018-08-16,32.16203689575195
2018-08-17,32.58157730102539
2018-08-20,33.03856658935547
2018-08-21,32.95616149902344
2018-08-22,33.26332473754883
2018-08-23,32.43923568725586
2018-08-24,33.233360290527344
2018-08-27,33.78025436401367
2018-08-28,33.70533752441406
2018-08-29,33.81022262573242
2018-08-30,32.843788146972656
2018-08-31,33.03107452392578
2018-09-04,32.04216766357422
2018-09-05,32.2144775390625
2018-09-06,32.28190231323242
2018-09-07,32.13956069946289
2018-09-10,31.802433013916016
2018-09-11,31.450326919555664
2018-09-12,32.184513092041016
2018-09-13,32.20698547363281
2018-09-14,32.66398239135742
2018-09-17,32.91120910644531
2018-09-18,33.66038513183594
2018-09-19,33.98252868652344
2018-09-20,34.4694938659668
2018-09-21,34.40956115722656
2018-09-24,34.09490203857422
2018-09-25,34.896522521972656
2018-09-26,34.56688690185547
2018-09-27,34.506954193115234
2018-09-28,34.3496208190918
2018-10-01,34.53691864013672
2018-10-02,34.74668884277344
2018-10-03,34.88154220581055
2018-10-04,34.31966018676758
2018-10-05,33.90760803222656
2018-10-08,33.915103912353516
2018-10-09,34.05744552612305
2018-10-10,32.81382369995117
2018-10-11,32.5590934753418
2018-10-12,33.113487243652344
2018-10-15,32.95616149902344
2018-10-16,33.26332473754883
2018-10-17,33.57048416137695
2018-10-18,32.5590934753418
2018-10-19,32.491668701171875
2018-10-22,32.851280212402344
2018-10-23,32.20698547363281
2018-10-24,30.528841018676758
2018-10-25,31.315467834472656
2018-10-26,31.150650024414062
2018-10-29,30.678672790527344
2018-10-30,31.008302688598633
2018-10-31,31.9522647857666
2018-11-01,32.69395446777344
2018-11-02,33.09101104736328
2018-11-05,33.21088409423828
2018-11-06,33.24833679199219
2018-11-07,33.41315460205078
2018-11-08,32.94117736816406
2018-11-09,32.2744140625
2018-11-12,31.71253204345703
2018-11-13,31.794940948486328
2018-11-14,31.54771614074707
2018-11-15,32.23695755004883
2018-11-16,32.43923568725586
2018-11-19,32.004703521728516
2018-11-20,30.79104995727539
2018-11-21,31.270523071289062
2018-11-23,30.131776809692383
2018-11-26,29.802141189575195
2018-11-27,29.09042739868164
2018-11-28,30.00441551208496
2018-11-29,30.00441551208496
2018-11-30,30.049365997314453
2018-12-03,31.008302688598633
2018-12-04,30.10930061340332
2018-12-06,29.607358932495117
2018-12-07,28.91811180114746
2018-12-10,28.393692016601562
2018-12-11,28.506067276000977
2018-12-12,28.738313674926758
2018-12-13,28.835708618164062
2018-12-14,28.356231689453125
2018-12-17,28.228872299194336
2018-12-18,28.53603744506836
2018-12-19,27.831815719604492
2018-12-20,27.729934692382812
2018-12-21,27.395645141601562
2018-12-24,26.926054000854492
2018-12-26,27.920961380004883
2018-12-27,27.714014053344727
2018-12-28,27.690135955810547
2018-12-31,27.729934692382812
2019-01-02,28.080141067504883
2019-01-03,27.347890853881836
2019-01-04,29.130754470825195
2019-01-07,29.18647003173828
2019-01-08,29.592391967773438
2019-01-09,30.157495498657227
2019-01-10,30.10177993774414
2019-01-11,29.93463706970215
2019-01-14,29.71177864074707
2019-01-15,29.528715133666992
2019-01-16,29.85504150390625
2019-01-17,30.2689266204834
2019-01-18,30.682804107666016
2019-01-22,30.006269454956055
2019-01-23,30.1893367767334
2019-01-24,30.30076026916504
2019-01-25,30.905664443969727
2019-01-28,29.990352630615234
2019-01-29,30.28484344482422
2019-01-30,31.454853057861328
2019-01-31,31.574234008789062
2019-02-01,31.176273345947266
2019-02-04,31.200157165527344
2019-02-05,31.136476516723633
2019-02-06,30.91362190246582
2019-02-07,30.467906951904297
2019-02-08,30.30872344970703
2019-02-11,30.364437103271484
2019-02-12,31.00117301940918
2019-02-13,31.056884765625
2019-02-14,31.009138107299805
2019-02-15,31.255868911743164
2019-02-19,31.37525749206543
2019-02-20,31.90852928161621
2019-02-21,31.972196578979492
2019-02-22,32.42587661743164
2019-02-25,32.68852996826172
2019-02-26,32.48955154418945
2019-02-27,32.24281692504883
2019-02-28,31.892608642578125
2019-03-01,32.01199722290039
2019-03-04,32.067710876464844
2019-03-05,32.0438346862793
2019-03-06,31.574234008789062
2019-03-07,31.064847946166992
2019-03-08,30.54749870300293
2019-03-11,31.35934066772461
2019-03-12,31.478723526000977
2019-03-13,31.90056800842285
2019-03-14,31.478723526000977
2019-03-15,31.637908935546875
2019-03-18,32.147300720214844
2019-03-19,32.1632194519043
2019-03-20,32.13138198852539
2019-03-21,32.26669692993164
2019-03-22,30.89769744873047
2019-03-25,31.048927307128906
2019-03-26,31.423011779785156
2019-03-27,31.120563507080078
2019-03-28,31.335460662841797
2019-03-29,31.828933715820312
2019-04-01,32.90342712402344
2019-04-02,32.78403854370117
2019-04-03,32.9830207824707
2019-04-04,33.20588302612305
2019-04-05,33.39689636230469
2019-04-08,33.56404113769531
2019-04-09,32.79996109008789
2019-04-10,32.79996109008789
2019-04-11,32.24281692504883
2019-04-12,32.32240295410156
2019-04-15,32.32240295410156
2019-04-16,32.378116607666016
2019-04-17,32.306488037109375
2019-04-18,32.05179214477539
2019-04-22,31.614036560058594
2019-04-23,31.74138832092285
2019-04-24,31.02505111694336
2019-04-25,30.73851776123047
2019-04-26,30.794239044189453
2019-04-29,30.88974380493164
2019-04-30,30.6987247467041
2019-05-01,29.990352630615234
2019-05-02,29.942598342895508
2019-05-03,31.16036033630371
2019-05-06,30.73851776123047
2019-05-07,30.332597732543945
2019-05-08,30.181371688842773
2019-05-09,30.054025650024414
2019-05-10,30.21320915222168
2019-05-13,28.955652236938477
2019-05-14,29.465045928955078
2019-05-15,29.488922119140625
2019-05-16,29.58443260192871
2019-05-17,29.465045928955078
2019-05-20,29.146677017211914
2019-05-21,29.767494201660156
2019-05-22,29.305858612060547
2019-05-23,28.69300079345703
2019-05-24,28.891979217529297
2019-05-28,29.003406524658203
2019-05-29,28.748714447021484
2019-05-30,28.52585220336914
2019-05-31,27.952789306640625
2019-06-03,28.549728393554688
2019-06-04,29.170551300048828
2019-06-05,28.645248413085938
2019-06-06,28.724836349487305
2019-06-07,28.891979217529297
2019-06-10,29.098918914794922
2019-06-11,29.966482162475586
2019-06-12,29.65606117248535
2019-06-13,30.077903747558594
2019-06-14,29.32973289489746
2019-06-17,29.138715744018555
2019-06-18,30.253002166748047
2019-06-19,30.340560913085938
2019-06-20,30.515661239624023
2019-06-21,30.428112030029297
2019-06-24,30.20525550842285
2019-06-25,30.109743118286133
2019-06-26,30.762399673461914
2019-06-27,30.88974380493164
2019-06-28,31.136476516723633
2019-07-01,31.399131774902344
2019-07-02,30.969335556030273
2019-07-03,30.88178825378418
2019-07-05,30.762399673461914
2019-07-08,30.444028854370117
2019-07-09,30.332597732543945
2019-07-10,30.436067581176758
2019-07-11,30.324634552001953
2019-07-12,30.706684112548828
2019-07-15,30.905664443969727
2019-07-16,31.088726043701172
2019-07-17,30.77035903930664
2019-07-18,30.722597122192383
2019-07-19,31.01709747314453
2019-07-22,31.009138107299805
2019-07-23,31.056884765625
2019-07-24,30.762399673461914
2019-07-25,30.50770378112793
2019-07-26,30.555458068847656
2019-07-29,30.372394561767578
2019-07-30,30.40423011779785
2019-07-31,29.679943084716797
2019-08-01,28.740755081176758
2019-08-02,28.15177345275879
2019-08-05,27.13298988342285
2019-08-06,27.220542907714844
2019-08-07,26.934011459350586
2019-08-08,27.6264591217041
2019-08-09,26.727073669433594
2019-08-12,25.867473602294922
2019-08-13,26.679317474365234
2019-08-14,25.509305953979492
2019-08-15,25.21481704711914
2019-08-16,25.63665771484375
2019-08-19,25.891355514526367
2019-08-20,25.835636138916016
2019-08-21,25.819717407226562
2019-08-22,25.572982788085938
2019-08-23,24.896451950073242
2019-08-26,24.928287506103516
2019-08-27,24.64971351623535
2019-08-28,25.015838623046875
2019-08-29,25.628698348999023
2019-08-30,25.93115234375
2019-09-03,25.2625732421875
2019-09-04,26.090330123901367
2019-09-05,26.62360191345215
2019-09-06,26.360946655273438
2019-09-09,27.10911750793457
2019-09-10,28.01646614074707
2019-09-11,28.486061096191406
2019-09-12,28.73279571533203
2019-09-13,28.907899856567383
2019-09-16,28.82034683227539
2019-09-17,28.557695388793945
2019-09-18,28.207483291625977
2019-09-19,27.75381088256836
2019-09-20,27.602584838867188
2019-09-23,27.522993087768555
2019-09-24,26.75094985961914
2019-09-25,27.284212112426758
2019-09-26,26.870332717895508
2019-09-27,26.926054000854492
2019-09-30,26.981765747070312
2019-10-01,26.615642547607422
2019-10-02,25.843599319458008
2019-10-03,26.066455841064453
2019-10-04,26.408700942993164
2019-10-07,26.130126953125
2019-10-08,25.652576446533203
2019-10-09,25.692373275756836
2019-10-10,26.416662216186523
2019-10-11,27.467273712158203
2019-10-14,26.8782958984375
2019-10-15,27.069318771362305
2019-10-16,26.544008255004883
2019-10-17,26.66339874267578
2019-10-18,26.647476196289062
2019-10-21,26.870332717895508
2019-10-22,27.252382278442383
2019-10-23,27.236461639404297
2019-10-24,27.140949249267578
2019-10-25,27.59462547302246
2019-10-28,28.096057891845703
2019-10-29,28.159730911254883
2019-10-30,27.849323272705078
2019-10-31,27.44339942932129
2019-11-01,28.62136459350586
2019-11-04,29.10687828063965
2019-11-05,29.18647003173828
2019-11-06,28.804428100585938
2019-11-07,29.31382179260254
2019-11-08,29.051162719726562
2019-11-11,28.82830810546875
2019-11-12,28.685039520263672
2019-11-13,28.072185516357422
2019-11-14,27.96075439453125
2019-11-15,28.34279441833496
2019-11-18,28.295040130615234
2019-11-19,28.302997589111328
2019-11-20,28.0244197845459
2019-11-21,28.3348331451416
2019-11-22,28.931774139404297
2019-11-25,29.433202743530273
2019-11-26,29.536680221557617
2019-11-27,29.616270065307617
2019-11-29,29.234228134155273
2019-12-02,29.536680221557617
2019-12-03,29.01136589050293
2019-12-04,29.465045928955078
2019-12-05,29.536680221557617
2019-12-06,30.1893367767334
2019-12-09,30.253002166748047
2019-12-10,30.22117042541504
2019-12-11,30.436067581176758
2019-12-12,31.048927307128906
2019-12-13,30.77035903930664
2019-12-16,30.62708854675293
2019-12-17,30.905664443969727
2019-12-18,30.88974380493164
2019-12-19,30.80219268798828
2019-12-20,30.682804107666016
2019-12-23,30.880401611328125
2019-12-24,30.962047576904297
2019-12-26,31.092693328857422
2019-12-27,30.83957290649414
2019-12-30,30.83302879333496
2019-12-31,30.849388122558594
2020-01-02,31.09480857849121
2020-01-03,30.661239624023438
2020-01-06,30.366729736328125
2020-01-07,30.57943344116211
2020-01-08,30.67759895324707
2020-01-09,30.473079681396484
2020-01-10,30.252201080322266
2020-01-13,30.800312042236328
2020-01-14,30.94756507873535
2020-01-15,30.56307029724121
2020-01-16,30.513980865478516
2020-01-17,30.816665649414062
2020-01-21,29.990419387817383
2020-01-22,30.350366592407227
2020-01-23,30.145851135253906
2020-01-24,29.53230094909668
2020-01-27,28.2397518157959
2020-01-28,28.362462997436523
2020-01-29,28.215208053588867
2020-01-30,28.288837432861328
2020-01-31,27.413497924804688
2020-02-03,27.601659774780273
2020-02-04,28.50971031188965
2020-02-05,28.992372512817383
2020-02-06,28.97601318359375
2020-02-07,28.305198669433594
2020-02-10,28.092500686645508
2020-02-11,28.56697654724121
2020-02-12,28.787858963012695
2020-02-13,28.493350982666016
2020-02-14,28.157941818237305
2020-02-18,28.035236358642578
2020-02-19,28.24793243408203
2020-02-20,27.879804611206055
2020-02-21,27.675281524658203
2020-02-24,26.366371154785156
2020-02-25,25.58102798461914
2020-02-26,25.286521911621094
2020-02-27,24.313020706176758
2020-02-28,23.98579216003418
2020-03-02,24.66478729248047
2020-03-03,24.304838180541992
2020-03-04,25.041099548339844
2020-03-05,23.797636032104492
2020-03-06,22.824132919311523
2020-03-09,19.519132614135742
2020-03-10,20.926212310791016
2020-03-11,19.25735092163086
2020-03-12,16.860408782958984
2020-03-13,18.995569229125977
2020-03-16,16.525001525878906
2020-03-17,17.195816040039062
2020-03-18,15.085197448730469
2020-03-19,15.690568923950195
2020-03-20,15.346979141235352
2020-03-23,14.757969856262207
2020-03-24,16.557722091674805
2020-03-25,17.1140079498291
2020-03-26,17.972980499267578
2020-03-27,17.07310676574707
2020-03-30,17.392152786254883
2020-03-31,17.899354934692383
2020-04-01,17.187637329101562
2020-04-02,17.473960876464844
2020-04-03,16.819503784179688
2020-04-06,17.98116111755371
2020-04-07,18.210222244262695
2020-04-08,18.856494903564453
2020-04-09,19.159181594848633
2020-04-13,19.052833557128906
2020-04-14,19.101917266845703
2020-04-15,18.06296730041504
2020-04-16,18.038427352905273
2020-04-17,18.75832748413086
2020-04-20,18.06296730041504
2020-04-21,17.711198806762695
2020-04-22,18.06296730041504
2020-04-23,18.332929611206055
2020-04-24,18.06296730041504
2020-04-27,18.79104995727539
2020-04-28,19.126461029052734
2020-04-29,20.62352752685547
2020-04-30,19.45368766784668
2020-05-01,18.80741310119629
2020-05-04,19.003747940063477
2020-05-05,18.815593719482422
2020-05-06,18.602893829345703
2020-05-07,19.126461029052734
2020-05-08,19.96088981628418
2020-05-11,19.003747940063477
2020-05-12,18.570175170898438
2020-05-13,17.964799880981445
2020-05-14,18.22658348083496
2020-05-15,18.382015228271484
2020-05-18,19.829998016357422
2020-05-19,19.633663177490234
2020-05-20,19.98543357849121
2020-05-21,19.838180541992188
2020-05-22,19.715469360351562
2020-05-26,20.451730728149414
2020-05-27,21.457956314086914
2020-05-28,21.098005294799805
2020-05-29,21.31070327758789
2020-06-01,21.670652389526367
2020-06-02,22.357833862304688
2020-06-03,23.249526977539062
2020-06-04,23.724008560180664
2020-06-05,24.419368743896484
2020-06-08,25.270160675048828
2020-06-09,24.681148529052734
2020-06-10,24.09214210510254
2020-06-11,21.75246238708496
2020-06-12,22.758686065673828
2020-06-15,22.78322982788086
2020-06-16,23.64220428466797
2020-06-17,23.1759033203125
2020-06-18,22.98774528503418
2020-06-19,22.64415740966797
2020-06-22,22.77505111694336
2020-06-23,23.094093322753906
2020-06-24,22.25966453552246
2020-06-25,22.742324829101562
2020-06-26,21.883352279663086
2020-06-29,22.36601448059082
2020-06-30,22.554170608520508
2020-07-01,22.177858352661133
2020-07-02,22.513267517089844
2020-07-06,22.930482864379883
2020-07-07,22.406917572021484
2020-07-08,22.537805557250977
2020-07-09,22.128774642944336
2020-07-10,22.889577865600586
2020-07-13,22.791412353515625
2020-07-14,23.552215576171875
2020-07-15,23.781272888183594
2020-07-16,23.494949340820312
2020-07-17,23.388601303100586
2020-07-20,23.33133888244629
2020-07-21,23.65038299560547
2020-07-22,23.87126350402832
2020-07-23,23.666744232177734
2020-07-24,23.6585636138916
2020-07-27,24.24757194519043
2020-07-28,23.71582794189453
2020-07-29,24.28029441833496
2020-07-30,23.830358505249023
2020-07-31,23.37224006652832
2020-08-03,23.87126350402832
2020-08-04,24.026695251464844
2020-08-05,24.80385971069336
2020-08-06,24.66478729248047
2020-08-07,24.46027183532715
2020-08-10,25.36014747619629
2020-08-11,25.34378433227539
2020-08-12,25.39286994934082
2020-08-13,25.171993255615234
2020-08-14,25.319244384765625
2020-08-17,25.42559242248535
2020-08-18,25.630111694335938
2020-08-19,25.39286994934082
2020-08-20,25.38469123840332
2020-08-21,24.812042236328125
2020-08-24,25.270160675048828
2020-08-25,25.196533203125
2020-08-26,25.114727020263672
2020-08-27,25.00019645690918
2020-08-28,25.56466293334961
2020-08-31,25.14744758605957
2020-09-01,25.76099967956543
2020-09-02,25.883710861206055
2020-09-03,25.311065673828125
2020-09-04,25.630111694335938
2020-09-08,24.869308471679688
2020-09-09,25.327423095703125
2020-09-10,24.91839027404785
2020-09-11,25.39286994934082
2020-09-14,25.818265914916992
2020-09-15,26.17003631591797
2020-09-16,26.276382446289062
2020-09-17,26.81631088256836
2020-09-18,26.636335372924805
2020-09-21,25.2210750579834
2020-09-22,25.1883544921875
2020-09-23,24.812042236328125
2020-09-24,24.844764709472656
2020-09-25,25.008377075195312
2020-09-28,25.47467803955078
2020-09-29,25.122905731201172
2020-09-30,25.27834129333496
2020-10-01,25.482858657836914
2020-10-02,25.818265914916992
2020-10-05,26.636335372924805
2020-10-06,26.210939407348633
2020-10-07,26.914480209350586
2020-10-08,27.208984375
2020-10-09,26.971744537353516
2020-10-12,26.857215881347656
2020-10-13,26.538166046142578
2020-10-14,26.709964752197266
2020-10-15,26.78359031677246
2020-10-16,26.865394592285156
2020-10-19,26.759044647216797
2020-10-20,26.89811897277832
2020-10-21,27.01264762878418
2020-10-22,27.37259864807129
2020-10-23,27.675281524658203
2020-10-26,26.971744537353516
2020-10-27,26.750865936279297
2020-10-28,25.63829231262207
2020-10-29,26.268205642700195
2020-10-30,26.161853790283203
2020-11-02,26.62815284729004
2020-11-03,27.258068084716797
2020-11-04,26.23548126220703
2020-11-05,27.495309829711914
2020-11-06,27.83071517944336
2020-11-09,28.886028289794922
2020-11-10,28.95146942138672
2020-11-11,28.967832565307617
2020-11-12,28.47699546813965
2020-11-13,29.35232925415039
2020-11-16,30.489439010620117
2020-11-17,30.726680755615234
2020-11-18,30.284923553466797
2020-11-19,30.423995971679688
2020-11-20,30.44854164123535
2020-11-23,31.438405990600586
2020-11-24,33.18907165527344
2020-11-25,33.009090423583984
2020-11-27,33.172706604003906
2020-11-30,32.493709564208984
2020-12-01,33.94987487792969
2020-12-02,34.2607421875
2020-12-03,34.24437713623047
2020-12-04,35.86415481567383
2020-12-07,35.99504852294922
2020-12-08,36.3386344909668
2020-12-09,35.945960998535156
2020-12-10,37.25487518310547
2020-12-11,36.7149543762207
2020-12-14,36.15866470336914
2020-12-15,37.287593841552734
2020-12-16,37.22215270996094
2020-12-17,37.49211883544922
2020-12-18,37.042179107666016
2020-12-21,36.936336517333984
2020-12-22,36.47796630859375
2020-12-23,36.96967315673828
2020-12-24,37.00300598144531
2020-12-28,36.72798156738281
2020-12-29,36.88632583618164
2020-12-30,37.43637466430664
2020-12-31,37.1946907043457
2021-01-04,37.994754791259766
2021-01-05,39.41153335571289
2021-01-06,41.37836456298828
2021-01-07,42.1867561340332
2021-01-08,42.06175231933594
2021-01-11,41.545040130615234
2021-01-12,42.095088958740234
2021-01-13,40.96999740600586
2021-01-14,41.82839584350586
2021-01-15,39.761558532714844
2021-01-19,39.91990661621094
2021-01-20,39.81156539916992
2021-01-21,39.128177642822266
2021-01-22,38.78648376464844
2021-01-25,38.3947868347168
2021-01-26,38.03642272949219
2021-01-27,37.01967239379883
2021-01-28,37.42803955078125
2021-01-29,36.02792739868164
2021-02-01,37.16968536376953
2021-02-02,37.06134796142578
2021-02-03,37.38637161254883
2021-02-04,37.594722747802734
2021-02-05,38.3947868347168
2021-02-08,39.35319900512695
2021-02-09,39.3115234375
2021-02-10,39.46154022216797
2021-02-11,39.22818374633789
2021-02-12,39.6448860168457
2021-02-16,40.86165237426758
2021-02-17,40.66163635253906
2021-02-18,40.228267669677734
2021-02-19,41.27001953125
2021-02-22,41.928409576416016
2021-02-23,42.16175842285156
2021-02-24,43.220176696777344
2021-02-25,41.68671798706055
2021-02-26,40.46162033081055
2021-03-01,42.22842788696289
2021-03-02,42.72846984863281
2021-03-03,43.236846923828125
2021-03-04,41.545040130615234
2021-03-05,43.20351028442383
2021-03-08,43.820228576660156
2021-03-09,43.720218658447266
2021-03-10,43.87856674194336
2021-03-11,45.4370231628418
2021-03-12,45.428688049316406
2021-03-15,44.83697509765625
2021-03-16,44.45361328125
2021-03-17,44.928646087646484
2021-03-18,44.161922454833984
2021-03-19,44.17025375366211
2021-03-22,43.6868782043457
2021-03-23,41.953407287597656
2021-03-24,42.44511795043945
2021-03-25,42.9201545715332
2021-03-26,45.27034378051758
2021-03-29,44.95364761352539
2021-03-30,45.72038269042969
2021-03-31,46.50377655029297
2021-04-01,46.270423889160156
2021-04-05,47.370513916015625
2021-04-06,46.920475006103516
2021-04-07,47.09549331665039
2021-04-08,47.04549026489258
2021-04-09,46.48711013793945
2021-04-12,46.18708419799805
2021-04-13,46.128746032714844
2021-04-14,47.57886505126953
2021-04-15,47.87888717651367
2021-04-16,48.34559631347656
2021-04-19,48.337257385253906
2021-04-20,47.270503997802734
2021-04-21,48.15391159057617
2021-04-22,47.770545959472656
2021-04-23,48.9539794921875
2021-04-26,50.470767974853516
2021-04-27,50.35408401489258
2021-04-28,50.92913818359375
2021-04-29,50.59577178955078
2021-04-30,49.31233596801758
2021-05-03,50.42909622192383
2021-05-04,51.51251983642578
2021-05-05,52.47926712036133
2021-05-06,53.954383850097656
2021-05-07,55.06280517578125
2021-05-10,55.15447998046875
2021-05-11,56.05455780029297
2021-05-12,53.3293342590332
2021-05-13,53.28765869140625
2021-05-14,53.0543098449707
2021-05-17,54.20440673828125
2021-05-18,53.929378509521484
2021-05-19,52.11256408691406
2021-05-20,51.93755340576172
2021-05-21,51.3458366394043
2021-05-24,51.7375373840332
2021-05-25,50.50410079956055
2021-05-26,51.17082214355469
2021-05-27,52.620941162109375
2021-05-28,52.645938873291016
2021-06-01,54.571102142333984
2021-06-02,54.12939453125
2021-06-03,53.537681579589844
2021-06-04,53.97105407714844
2021-06-07,53.13764953613281
2021-06-08,53.50434494018555
2021-06-09,53.60435485839844
2021-06-10,53.554351806640625
2021-06-11,54.312744140625
2021-06-14,53.22098922729492
2021-06-15,52.73761749267578
2021-06-16,51.41250991821289
2021-06-17,49.495689392089844
2021-06-18,48.887306213378906
2021-06-21,50.16240692138672
2021-06-22,50.370758056640625
2021-06-23,50.762454986572266
2021-06-24,52.070892333984375
2021-06-25,51.779205322265625
2021-06-28,51.14582061767578
2021-06-29,51.495849609375
2021-06-30,51.63752365112305
2021-07-01,51.3708381652832
2021-07-02,51.76253890991211
2021-07-06,50.25408172607422
2021-07-07,51.212493896484375
2021-07-08,50.062400817871094
2021-07-09,52.154239654541016
2021-07-12,52.529266357421875
2021-07-13,51.837547302246094
2021-07-14,51.82087326049805
2021-07-15,51.9208869934082
2021-07-16,50.31241989135742
2021-07-19,48.90397262573242
2021-07-20,49.837379455566406
2021-07-21,51.03748321533203
2021-07-22,50.93747329711914
2021-07-23,51.47084426879883
2021-07-26,53.14598846435547
2021-07-27,52.41259002685547
2021-07-28,53.51267623901367
2021-07-29,55.1044807434082
2021-07-30,53.98772048950195
2021-08-02,53.42934036254883
2021-08-03,54.479427337646484
2021-08-04,53.77103042602539
2021-08-05,52.837623596191406
2021-08-06,53.446006774902344
2021-08-09,53.88771438598633
2021-08-10,55.612850189208984
2021-08-11,56.2379035949707
2021-08-12,55.779537200927734
2021-08-13,55.72952651977539
2021-08-16,54.987796783447266
2021-08-17,53.346004486083984
2021-08-18,52.729286193847656
2021-08-19,50.48743438720703
2021-08-20,50.370758056640625
2021-08-23,50.96247863769531
2021-08-24,52.74595260620117
2021-08-25,52.562599182128906
2021-08-26,51.62085723876953
2021-08-27,53.15431594848633
2021-08-30,52.93762969970703
2021-08-31,52.054229736328125
2021-09-01,52.20423889160156
2021-09-02,52.179237365722656
2021-09-03,52.087562561035156
2021-09-07,51.954219818115234
2021-09-08,50.85413360595703
2021-09-09,50.920799255371094
2021-09-10,50.904136657714844
2021-09-13,50.97080612182617
2021-09-14,49.904052734375
2021-09-15,51.237491607666016
2021-09-16,49.76237487792969
2021-09-17,47.720542907714844
2021-09-20,45.60370635986328
2021-09-21,45.46202850341797
2021-09-22,46.353763580322266
2021-09-23,46.92881393432617
2021-09-24,46.545448303222656
2021-09-27,47.28718185424805
2021-09-28,46.21208572387695
2021-09-29,45.91206359863281
2021-09-30,46.01206970214844
2021-10-01,46.29542922973633
2021-10-04,45.945396423339844
2021-10-05,46.262088775634766
2021-10-06,45.55370330810547
2021-10-07,46.37876892089844
2021-10-08,46.445438385009766
2021-10-11,47.170494079589844
2021-10-12,47.32884216308594
2021-10-13,47.337181091308594
2021-10-14,48.012229919433594
2021-10-15,48.36225891113281
2021-10-18,48.35392761230469
2021-10-19,48.13724136352539
2021-10-20,47.912227630615234
2021-10-21,46.59545135498047
2021-10-22,47.01215362548828
2021-10-25,48.6456184387207
2021-10-26,48.470603942871094
2021-10-27,46.89547348022461
2021-10-28,46.995487213134766
2021-10-29,46.92881393432617
2021-11-01,46.995487213134766
2021-11-02,46.17041778564453
2021-11-03,46.128746032714844
2021-11-04,45.945396423339844
2021-11-05,46.07040786743164
2021-11-08,47.34551239013672
2021-11-09,46.653785705566406
2021-11-10,45.55370330810547
2021-11-11,47.30384063720703
2021-11-12,46.94547653198242
2021-11-15,46.12041091918945
2021-11-16,45.73705291748047
2021-11-17,44.903648376464844
2021-11-18,44.56195831298828
2021-11-19,44.74530029296875
2021-11-22,46.18708419799805
2021-11-23,46.728797912597656
2021-11-24,46.24542236328125
2021-11-26,44.82863998413086
2021-11-29,44.278594970703125
2021-11-30,43.29518508911133
2021-12-01,43.09516525268555
2021-12-02,44.720298767089844
2021-12-03,44.186920166015625
2021-12-06,45.07866287231445
2021-12-07,46.320430755615234
2021-12-08,46.403770446777344
2021-12-09,46.07040786743164
2021-12-10,45.995399475097656
2021-12-13,46.01206970214844
2021-12-14,46.49544143676758
2021-12-15,45.82872009277344
2021-12-16,47.11215591430664
2021-12-17,47.04549026489258
2021-12-20,45.457035064697266
2021-12-21,46.47492980957031
2021-12-22,46.87673568725586
2021-12-23,46.89459228515625
2021-12-27,47.492828369140625
2021-12-28,47.091026306152344
2021-12-29,47.082096099853516
2021-12-30,47.26960372924805
2021-12-31,47.492828369140625
2022-01-03,47.466041564941406
2022-01-04,48.260711669921875
2022-01-05,48.95716857910156
2022-01-06,48.885738372802734
2022-01-07,49.86791229248047
2022-01-10,49.2518196105957
2022-01-11,50.02863311767578
2022-01-12,51.528690338134766
2022-01-13,50.99295425415039
2022-01-14,50.90366744995117
2022-01-18,49.89470291137695
2022-01-19,50.4215087890625
2022-01-20,49.11788558959961
2022-01-21,46.832088470458984
2022-01-24,46.73387145996094
2022-01-25,46.62672424316406
2022-01-26,46.49279022216797
2022-01-27,46.573150634765625
2022-01-28,46.72494125366211
2022-01-31,46.70708465576172
2022-02-01,48.94823455810547
2022-02-02,49.6179084777832
2022-02-03,49.0107421875
2022-02-04,49.34110641479492
2022-02-07,50.162567138671875
2022-02-08,51.36796951293945
2022-02-09,52.243003845214844
2022-02-10,52.31443405151367
2022-02-11,51.4661865234375
2022-02-14,51.18046569824219
2022-02-15,51.7161979675293
2022-02-16,52.046566009521484
2022-02-17,50.64472961425781
2022-02-18,50.778663635253906
2022-02-22,50.64472961425781
2022-02-23,50.126853942871094
2022-02-24,49.7518424987793
2022-02-25,52.769805908203125
2022-02-28,53.644840240478516
2022-03-01,54.118072509765625
2022-03-02,56.32351303100586
2022-03-03,57.36819076538086
2022-03-04,57.03782272338867
2022-03-07,56.127079010009766
2022-03-08,54.653804779052734
2022-03-09,55.37704849243164
2022-03-10,57.03782272338867
2022-03-11,56.261009216308594
2022-03-14,54.43951416015625
2022-03-15,54.15378952026367
2022-03-16,55.618125915527344
2022-03-17,57.35033416748047
2022-03-18,57.81463623046875
2022-03-21,59.8147087097168
2022-03-22,59.46648025512695
2022-03-23,60.16293716430664
2022-03-24,61.76121139526367
2022-03-25,62.31480407714844
2022-03-28,61.421913146972656
2022-03-29,60.60045623779297
2022-03-30,60.88618469238281
2022-03-31,60.57366180419922
2022-04-01,61.73442077636719
2022-04-04,61.72549057006836
2022-04-05,60.34151840209961
2022-04-06,59.82364273071289
2022-04-07,60.3057975769043
2022-04-08,60.28794479370117
2022-04-11,60.22543716430664
2022-04-12,60.743316650390625
2022-04-13,62.323734283447266
2022-04-14,62.234439849853516
2022-04-18,62.44873809814453
2022-04-19,62.65409851074219
2022-04-20,61.88621520996094
2022-04-21,59.98436737060547
2022-04-22,57.662845611572266
2022-04-25,56.037784576416016
2022-04-26,54.234153747558594
2022-04-27,55.716346740722656
2022-04-28,56.9306755065918
2022-04-29,55.60026931762695
2022-05-02,54.823455810546875
2022-05-03,56.04671859741211
2022-05-04,57.002105712890625
2022-05-05,53.653770446777344
2022-05-06,52.88587951660156
2022-05-09,50.68937301635742
2022-05-10,50.21614456176758
2022-05-11,50.144710540771484
2022-05-12,49.55540466308594
2022-05-13,50.6000862121582
2022-05-16,51.037601470947266
2022-05-17,52.832305908203125
2022-05-18,50.89474105834961
2022-05-19,51.64476776123047
2022-05-20,52.1358528137207
2022-05-23,54.00199890136719
2022-05-24,53.868064880371094
2022-05-25,54.627017974853516
2022-05-26,56.13600158691406
2022-05-27,57.43069076538086
2022-05-31,56.10921859741211
2022-06-01,56.08243179321289
2022-06-02,57.44854736328125
2022-06-03,56.65388107299805
2022-06-06,57.16282653808594
2022-06-07,58.27001190185547
2022-06-08,55.877071380615234
2022-06-09,53.37697219848633
2022-06-10,52.109073638916016
2022-06-13,49.198246002197266
2022-06-14,48.78751754760742
2022-06-15,49.72505187988281
2022-06-16,47.466041564941406
2022-06-17,46.97494888305664
2022-06-21,47.07316970825195
2022-06-22,45.25167465209961
2022-06-23,44.18913650512695
2022-06-24,45.76954650878906
2022-06-27,46.26063919067383
2022-06-28,45.930267333984375
2022-06-29,45.30524826049805
2022-06-30,44.1712760925293
2022-07-01,43.921268463134766
2022-07-05,42.447998046875
2022-07-06,42.24263381958008
2022-07-07,44.06412887573242
2022-07-08,43.769474029541016
2022-07-11,42.956947326660156
2022-07-12,42.92123031616211
2022-07-13,43.519466400146484
2022-07-14,41.662254333496094
2022-07-15,42.447998046875
2022-07-18,43.13552474975586
2022-07-19,44.27842330932617
2022-07-20,44.215919494628906
2022-07-21,44.86772918701172
2022-07-22,43.89447784423828
2022-07-25,45.26060104370117
2022-07-26,45.162384033203125
2022-07-27,46.332069396972656
2022-07-28,46.96602249145508
2022-07-29,48.18928146362305
2022-08-01,47.65354537963867
2022-08-02,47.019596099853516
2022-08-03,46.528507232666016
2022-08-04,47.082096099853516
2022-08-05,47.96605682373047
2022-08-08,48.32321548461914
2022-08-09,49.00181579589844
2022-08-10,50.09113311767578
2022-08-11,50.4840087890625
2022-08-12,51.19832229614258
2022-08-15,50.38579177856445
2022-08-16,50.9661750793457
2022-08-17,49.93041229248047
2022-08-18,50.25185775756836
2022-08-19,48.939308166503906
2022-08-22,48.06427764892578
2022-08-23,49.79648208618164
2022-08-24,49.44825744628906
2022-08-25,50.97509765625
2022-08-26,49.98399353027344
2022-08-29,49.93934631347656
2022-08-30,48.028564453125
2022-08-31,47.233890533447266
2022-09-01,45.8141975402832
2022-09-02,46.037418365478516
2022-09-06,46.29635238647461
2022-09-07,46.65351104736328
2022-09-08,47.07316970825195
2022-09-09,49.412540435791016
2022-09-12,49.53754806518555
2022-09-13,47.4838981628418
2022-09-14,45.48382568359375
2022-09-15,45.162384033203125
2022-09-16,44.840946197509766
2022-09-19,46.24277877807617
2022-09-20,45.18023681640625
2022-09-21,44.30521011352539
2022-09-22,44.5998649597168
2022-09-23,42.617645263671875
2022-09-26,41.59082794189453
2022-09-27,42.45692443847656
2022-09-28,43.31410217285156
2022-09-29,42.54621887207031
2022-09-30,42.63550567626953
2022-10-03,45.29631805419922
2022-10-04,47.18924331665039
2022-10-05,46.89459228515625
2022-10-06,46.09098815917969
2022-10-07,45.62668228149414
2022-10-10,46.126705169677734
2022-10-11,45.71597671508789
2022-10-12,45.51061248779297
2022-10-13,46.62672424316406
2022-10-14,44.58200454711914
2022-10-17,45.83205795288086
2022-10-18,46.49279022216797
2022-10-19,45.83205795288086
2022-10-20,46.59993362426758
2022-10-21,49.06431579589844
2022-10-24,47.9124870300293
2022-10-25,48.019630432128906
2022-10-26,48.7607307434082
2022-10-27,48.153564453125
2022-10-28,46.99280548095703
2022-10-31,47.44818115234375
2022-11-01,48.6446533203125
2022-11-02,46.29635238647461
2022-11-03,46.98387908935547
2022-11-04,50.71615982055664
2022-11-07,49.67148208618164
2022-11-08,50.394718170166016
2022-11-09,49.10895919799805
2022-11-10,50.55543899536133
2022-11-11,52.86802673339844
2022-11-14,53.394832611083984
2022-11-15,53.76091384887695
2022-11-16,52.86802673339844
2022-11-17,52.769805908203125
2022-11-18,52.48408126831055
2022-11-21,52.876953125
2022-11-22,54.091285705566406
2022-11-23,54.01985549926758
2022-11-25,54.1091423034668
2022-11-28,53.10017776489258
2022-11-29,54.60023498535156
2022-11-30,56.252079010009766
2022-12-01,55.70741271972656
2022-12-02,56.56459045410156
2022-12-05,55.35026168823242
2022-12-06,56.14493179321289
2022-12-07,55.3859748840332
2022-12-08,55.74313735961914
2022-12-09,55.207401275634766
2022-12-12,54.88595962524414
2022-12-13,55.33240509033203
2022-12-14,54.75202560424805
2022-12-15,53.20732498168945
2022-12-16,53.010887145996094
2022-12-19,52.61396408081055
2022-12-20,53.777530670166016
2022-12-21,55.00678634643555
2022-12-22,54.80034637451172
2022-12-23,54.81911087036133
2022-12-27,55.316444396972656
2022-12-28,54.3311653137207
2022-12-29,54.537601470947266
2022-12-30,54.274864196777344
2023-01-03,53.43033218383789
2023-01-04,54.45315170288086
2023-01-05,55.43843078613281
2023-01-06,57.46529769897461
2023-01-09,57.16501235961914
2023-01-10,59.313865661621094
2023-01-11,59.942569732666016
2023-01-12,61.153053283691406
2023-01-13,61.61285400390625
2023-01-17,60.918460845947266
2023-01-18,60.55250549316406
2023-01-19,60.449283599853516
2023-01-20,61.56593704223633
2023-01-23,61.38764190673828
2023-01-24,61.537784576416016
2023-01-25,62.494911193847656
2023-01-26,64.52177429199219
2023-01-27,63.752323150634766
2023-01-30,63.03916931152344
2023-01-31,63.799232482910156
2023-02-01,64.625
2023-02-02,63.714786529541016
2023-02-03,63.6866340637207
2023-02-06,62.47614669799805
2023-02-07,62.3729248046875
2023-02-08,62.01634216308594
2023-02-09,60.96538543701172
2023-02-10,61.08736801147461
2023-02-13,61.8005256652832
2023-02-14,62.71073913574219
2023-02-15,63.245601654052734
2023-02-16,63.836769104003906
2023-02-17,63.02040100097656
2023-02-21,62.28847122192383
2023-02-22,61.8662109375
2023-02-23,61.8005256652832
2023-02-24,60.50558853149414
2023-02-27,61.36888122558594
2023-02-28,61.950660705566406
2023-03-01,63.9681396484375
2023-03-02,64.77513122558594
2023-03-03,66.03253936767578
2023-03-06,64.3341064453125
2023-03-07,62.870262145996094
2023-03-08,63.74293899536133
2023-03-09,61.847450256347656
2023-03-10,59.72674560546875
2023-03-13,58.91975402832031
2023-03-14,59.5390739440918
2023-03-15,55.65425491333008
2023-03-16,56.54569625854492
2023-03-17,55.43843078613281
2023-03-20,56.52693176269531
2023-03-21,57.48405838012695
2023-03-22,56.517547607421875
2023-03-23,56.5644645690918
2023-03-24,56.658302307128906
2023-03-27,57.371456146240234
2023-03-28,57.99077606201172
2023-03-29,58.61948013305664
2023-03-30,59.28571701049805
2023-03-31,59.81119918823242
2023-04-03,59.9801025390625
2023-04-04,57.5215950012207
2023-04-05,57.024261474609375
2023-04-06,56.98672866821289
2023-04-10,58.25352096557617
2023-04-11,60.13024139404297
2023-04-12,60.00825500488281
2023-04-13,60.26161193847656
2023-04-14,59.64229202270508
2023-04-17,59.867496490478516
2023-04-18,60.68387222290039
2023-04-19,59.2481803894043
2023-04-20,59.30448532104492
2023-04-21,57.784339904785156
2023-04-24,58.112762451171875
2023-04-25,55.89822769165039
2023-04-26,55.73870849609375
2023-04-27,57.118099212646484
2023-04-28,57.09933090209961
2023-05-01,56.517547607421875
2023-05-02,55.84192657470703
2023-05-03,55.569801330566406
2023-05-04,53.75876235961914
2023-05-05,55.66363525390625
2023-05-08,55.64487075805664
2023-05-09,55.74808883666992
2023-05-10,55.269527435302734
2023-05-11,54.25609588623047
2023-05-12,54.303009033203125
2023-05-15,55.20384216308594
2023-05-16,53.777530670166016
2023-05-17,55.45719528198242
2023-05-18,55.50411605834961
2023-05-19,55.23199462890625
2023-05-22,55.47596740722656
2023-05-23,54.8378791809082
2023-05-24,53.58047103881836
2023-05-25,53.33650207519531
2023-05-26,54.00273513793945
2023-05-30,52.90485382080078
2023-05-31,52.21046447753906
2023-06-01,53.22389602661133
2023-06-02,56.104671478271484
2023-06-05,55.69178771972656
2023-06-06,56.94919204711914
2023-06-07,57.65296173095703
2023-06-08,57.98139190673828
2023-06-09,57.662349700927734
2023-06-12,57.549747467041016
2023-06-13,58.929134368896484
2023-06-14,58.9666748046875
2023-06-15,59.52030563354492
2023-06-16,58.97605514526367
2023-06-20,58.43180465698242
2023-06-21,58.73208236694336
2023-06-22,58.66639709472656
2023-06-23,57.98139190673828
2023-06-26,58.675777435302734
2023-06-27,59.54845428466797
2023-06-28,58.81653594970703
2023-06-29,60.00825500488281
2023-06-30,60.01763916015625
2023-07-03,60.834014892578125
2023-07-05,59.45462417602539
2023-07-06,58.638248443603516
2023-07-07,59.867496490478516
2023-07-10,59.97071838378906
2023-07-11,60.974769592285156
2023-07-12,62.32600784301758
2023-07-13,63.151771545410156
2023-07-14,62.69197082519531
2023-07-17,62.85149383544922
2023-07-18,63.574031829833984
2023-07-19,62.96409225463867
2023-07-20,63.02977752685547
2023-07-21,62.98286437988281
2023-07-24,64.44670867919922
2023-07-25,66.58617401123047
2023-07-26,66.07007598876953
2023-07-27,64.77513122558594
2023-07-28,64.90650177001953
2023-07-31,66.31404113769531
2023-08-01,65.46014404296875
2023-08-02,63.55526351928711
2023-08-03,63.07670211791992
2023-08-04,62.626285552978516
2023-08-07,62.67320251464844
2023-08-08,62.40107727050781
2023-08-09,61.87559509277344
2023-08-10,61.34073257446289
2023-08-11,60.94661331176758
2023-08-14,62.32600784301758
2023-08-15,61.275047302246094
2023-08-16,61.18120574951172
2023-08-17,61.18120574951172
2023-08-18,61.34073257446289
2023-08-21,61.3594970703125
2023-08-22,61.83806228637695
2023-08-23,61.997581481933594
2023-08-24,61.237510681152344
2023-08-25,61.378265380859375
2023-08-28,62.250938415527344
2023-08-29,63.714786529541016
2023-08-30,63.63971710205078
2023-08-31,63.208065032958984
2023-09-01,64.24964904785156
2023-09-05,63.45204162597656
2023-09-06,62.79519271850586
2023-09-07,61.753604888916016
2023-09-08,61.64100646972656
2023-09-11,62.01634216308594
2023-09-12,61.8005256652832
2023-09-13,61.44395446777344
2023-09-14,63.44266128540039
2023-09-15,62.55122375488281
2023-09-18,62.391693115234375
2023-09-19,62.51367950439453
2023-09-20,62.46676254272461
2023-09-21,60.90908432006836
2023-09-22,61.190589904785156
2023-09-25,61.049835205078125
2023-09-26,60.17715835571289
2023-09-27,60.95600128173828
2023-09-28,61.415794372558594
2023-09-29,61.52840042114258
2023-10-02,60.5618896484375
2023-10-03,59.5390739440918
2023-10-04,59.17311096191406
2023-10-05,59.013587951660156
2023-10-06,59.6985969543457
2023-10-09,59.82996368408203
2023-10-10,60.392982482910156
2023-10-11,60.78709411621094
2023-10-12,59.257564544677734
2023-10-13,58.78838348388672
2023-10-16,59.52030563354492
2023-10-17,59.93318557739258
2023-10-18,58.01892852783203
2023-10-19,57.258853912353516
2023-10-20,56.2078857421875
2023-10-23,56.18912124633789
2023-10-24,57.606048583984375
2023-10-25,57.22132110595703
2023-10-26,57.84063720703125
2023-10-27,58.17844772338867
2023-10-30,58.563175201416016
2023-10-31,58.78838348388672
2023-11-01,59.46400451660156
2023-11-02,61.284423828125
2023-11-03,61.594085693359375
2023-11-06,62.57936477661133
2023-11-07,61.2938117980957
2023-11-08,60.890316009521484
2023-11-09,60.5618896484375
2023-11-10,61.415794372558594
2023-11-13,61.31257247924805
2023-11-14,63.517730712890625
2023-11-15,63.283138275146484
2023-11-16,63.151771545410156
2023-11-17,63.658477783203125
2023-11-20,64.47486114501953
2023-11-21,64.56868743896484
2023-11-22,64.44670867919922
2023-11-24,64.36224365234375
2023-11-27,64.70944213867188
2023-11-28,64.93465423583984
2023-11-29,64.95342254638672
2023-11-30,65.62904357910156
2023-12-01,66.83953094482422
2023-12-04,66.00438690185547
2023-12-05,64.98157501220703
2023-12-06,64.45609283447266
2023-12-07,64.7845230102539
2023-12-08,64.74697875976562
2023-12-11,65.11294555664062
2023-12-12,64.6812973022461
2023-12-13,66.28589630126953
2023-12-14,67.77789306640625
2023-12-15,68.09693145751953
2023-12-18,70.01612091064453
2023-12-19,71.11721801757812
2023-12-20,70.07408142089844
2023-12-21,71.36834716796875
2023-12-22,71.63878631591797
2023-12-26,71.95752716064453
2023-12-27,72.30524444580078
2023-12-28,71.83197021484375
2023-12-29,71.24278259277344
2024-01-02,70.5666732788086
2024-01-03,70.03544616699219
2024-01-04,69.5235366821289
2024-01-05,69.41728973388672
2024-01-08,69.80362701416016
2024-01-09,67.7656478881836
2024-01-10,67.53382873535156
2024-01-11,67.48554229736328
2024-01-12,67.57246398925781
2024-01-16,66.22990417480469
2024-01-17,65.55379486083984
2024-01-18,66.15263366699219
2024-01-19,66.14297485351562
2024-01-22,66.15263366699219
2024-01-23,66.55830383300781
2024-01-24,67.00260162353516
2024-01-25,66.70317840576172
2024-01-26,67.46621704101562
2024-01-29,67.51451873779297
2024-01-30,68.142333984375
2024-01-31,67.05089569091797
2024-02-01,67.2730484008789
2024-02-02,66.70317840576172
2024-02-05,65.86287689208984
2024-02-06,66.40376281738281
2024-02-07,67.47588348388672
2024-02-08,67.28270721435547
2024-02-09,67.49519348144531
2024-02-12,67.66905212402344
2024-02-13,65.53447723388672
2024-02-14,66.68386840820312
2024-02-15,68.142333984375
2024-02-16,68.51902770996094
2024-02-20,67.1185073852539
2024-02-21,67.1957778930664
2024-02-22,67.78495788574219
2024-02-23,68.27755737304688
2024-02-26,68.04573822021484
2024-02-27,68.80878448486328
2024-02-28,68.0650634765625
2024-02-29,68.20994567871094
2024-03-01,68.49970245361328
2024-03-04,68.12301635742188
2024-03-05,67.35997009277344
2024-03-06,67.84291076660156
2024-03-07,68.71219635009766
2024-03-08,68.451416015625
2024-03-11,67.57246398925781
2024-03-12,67.74632263183594
2024-03-13,67.81393432617188
2024-03-14,66.32649230957031
2024-03-15,66.79977416992188
2024-03-18,66.97362518310547
2024-03-19,67.87188720703125
2024-03-20,68.72185516357422
2024-03-21,69.49455261230469
2024-03-22,68.69287872314453
2024-03-25,69.0599136352539
2024-03-26,68.96332550048828
2024-03-27,70.13203430175781
2024-03-28,70.14169311523438
2024-04-01,70.14169311523438
2024-04-02,69.63943481445312
2024-04-03,70.19963836669922
2024-04-04,69.49455261230469
2024-04-05,69.61045837402344
2024-04-08,70.88541412353516
2024-04-09,71.04960632324219
2024-04-10,69.92919921875
2024-04-11,69.99681091308594
2024-04-12,68.76049041748047
2024-04-15,68.66390228271484
2024-04-16,67.92984008789062
2024-04-17,68.02642822265625
2024-04-18,67.9105224609375
2024-04-19,68.2872085571289
2024-04-22,68.79912567138672
2024-04-23,67.36963653564453
2024-04-24,66.9929428100586
2024-04-25,66.84806060791016
2024-04-26,67.28270721435547
2024-04-29,67.66905212402344
2024-04-30,66.49068450927734
2024-05-01,66.97362518310547
2024-05-02,67.80427551269531
2024-05-03,68.5962905883789
2024-05-06,68.65424346923828
2024-05-07,68.84741973876953
2024-05-08,68.29686737060547
2024-05-09,69.156494140625
2024-05-10,68.76049041748047
2024-05-13,68.9826431274414
2024-05-14,69.33035278320312
2024-05-15,70.07408142089844
2024-05-16,70.3348617553711
2024-05-17,70.4121322631836
2024-05-20,70.3155517578125
2024-05-21,70.27691650390625
2024-05-22,69.36898803710938
2024-05-23,68.7798080444336
2024-05-24,69.26274108886719
2024-05-28,69.34001159667969
2024-05-29,67.9105224609375
2024-05-30,68.49005126953125
2024-05-31,68.88605499267578
2024-06-03,68.49005126953125
2024-06-04,66.22024536132812
2024-06-05,66.54864501953125
2024-06-06,66.79977416992188
2024-06-07,65.5151596069336
2024-06-10,65.30266571044922
2024-06-11,64.53962707519531
2024-06-12,64.34645080566406
2024-06-13,64.04702758789062
2024-06-14,62.936279296875
2024-06-17,63.612388610839844
2024-06-18,63.612388610839844
2024-06-20,63.77658462524414
2024-06-21,63.496482849121094
2024-06-24,63.544776916503906
2024-06-25,62.9459342956543
2024-06-26,63.67033767700195
2024-06-27,63.506141662597656
2024-06-28,64.34645080566406
2024-07-01,64.4140625
2024-07-02,64.53962707519531
2024-07-03,65.57311248779297
2024-07-05,64.95494842529297
2024-07-08,64.77143096923828
2024-07-09,64.24986267089844
2024-07-10,64.63621520996094
2024-07-11,66.06570434570312
2024-07-12,66.81908416748047
2024-07-15,67.44690704345703
2024-07-16,68.05540466308594
2024-07-17,67.16680145263672
2024-07-18,66.33615112304688
2024-07-19,65.80491638183594
2024-07-22,66.1236572265625
2024-07-23,66.18161010742188
2024-07-24,64.73279571533203
2024-07-25,66.68386840820312
2024-07-26,67.5821304321289
2024-07-29,67.2730484008789
2024-07-30,66.64522552490234
2024-07-31,67.72701263427734
2024-08-01,65.2060775756836
2024-08-02,63.25501251220703
2024-08-05,61.90279006958008
2024-08-06,62.40504837036133
2024-08-07,61.89313507080078
2024-08-08,62.74310302734375
2024-08-09,62.81071090698242
2024-08-12,62.28913879394531
2024-08-13,63.17774963378906
2024-08-14,62.41470718383789
2024-08-15,63.10047912597656
2024-08-16,63.11979293823242
2024-08-19,63.467506408691406
2024-08-20,62.63685607910156
2024-08-21,64.20156860351562
2024-08-22,63.45784378051758
2024-08-23,64.40440368652344
2024-08-26,64.87767791748047
2024-08-27,64.95494842529297
2024-08-28,63.78624725341797
2024-08-29,64.34645080566406
2024-08-30,64.32713317871094
2024-09-03,61.17839050292969
2024-09-04,60.65681457519531
2024-09-05,60.53125
2024-09-06,59.91309356689453
2024-09-09,60.357398986816406
2024-09-10,59.4494743347168
2024-09-11,60.40568923950195
2024-09-12,61.50678634643555
2024-09-13,62.77207565307617
2024-09-16,62.8590087890625
2024-09-17,63.26467514038086
2024-09-18,63.33228302001953
2024-09-19,65.62140655517578
2024-09-20,64.30781555175781
2024-09-23,64.65553283691406
2024-09-24,66.79010772705078
2024-09-25,66.33615112304688
2024-09-26,67.96847534179688
2024-09-27,68.43209075927734
2024-09-30,68.01676940917969
2024-10-01,68.20994567871094
2024-10-02,67.87188720703125
2024-10-03,66.85771942138672
2024-10-04,67.3792953491211
2024-10-07,67.6787109375
2024-10-08,66.14297485351562
2024-10-09,66.25888061523438
2024-10-10,66.2781982421875
2024-10-11,66.69352722167969
2024-10-14,66.61625671386719
2024-10-15,65.37027740478516
2024-10-16,66.14297485351562
2024-10-17,66.45205688476562
2024-10-18,66.510009765625
2024-10-21,65.87252807617188
2024-10-22,65.2543716430664
2024-10-23,64.31747436523438
2024-10-24,64.76177978515625
2024-10-25,64.89700317382812
2024-10-28,66.8866958618164
2024-10-29,66.2781982421875
2024-10-30,65.50550079345703
2024-10-31,64.87767791748047
2024-11-01,65.1094970703125
2024-11-04,65.44754791259766
2024-11-05,66.07537078857422
2024-11-06,71.0013198852539
2024-11-07,71.18482971191406
2024-11-08,70.08373260498047
2024-11-11,69.35932922363281
2024-11-12,67.57246398925781
2024-11-13,66.48103332519531
2024-11-14,65.64071655273438
2024-11-15,65.78560638427734
2024-11-18,66.9639663696289
2024-11-19,67.07987213134766
2024-11-20,67.52417755126953
2024-11-21,68.02642822265625
2024-11-22,68.4707260131836
2024-11-25,69.10820770263672
2024-11-26,68.20994567871094
2024-11-27,68.55766296386719
2024-11-29,68.87639617919922
2024-12-02,69.00196075439453
2024-12-03,68.34516906738281
2024-12-04,67.80427551269531
2024-12-05,67.50485229492188
2024-12-06,66.17195129394531
2024-12-09,67.23441314697266
2024-12-10,66.81908416748047
2024-12-11,66.61625671386719
2024-12-12,64.93563842773438
2024-12-13,63.032867431640625
2024-12-16,62.22153091430664
2024-12-17,61.603370666503906
2024-12-18,59.323909759521484
2024-12-19,58.589847564697266
2024-12-20,58.8120002746582
2024-12-23,58.709999084472656
2024-12-24,59.119998931884766
2024-12-26,59.0
2024-12-27,58.279998779296875
2024-12-30,57.959999084472656
2024-12-31,58.459999084472656
2025-01-02,58.119998931884766
2025-01-03,57.79999923706055
2025-01-06,58.77000045776367
2025-01-07,58.619998931884766
2025-01-08,57.93000030517578
2025-01-10,57.59000015258789
2025-01-13,59.04999923706055
2025-01-14,59.599998474121094
2025-01-15,60.540000915527344
2025-01-16,60.369998931884766
2025-01-17,60.709999084472656
2025-01-21,61.470001220703125
2025-01-22,60.38999938964844
2025-01-23,60.90999984741211
2025-01-24,61.41999816894531
2025-01-27,61.0099983215332
2025-01-28,61.13999938964844
2025-01-29,61.560001373291016
2025-01-30,61.849998474121094
2025-01-31,60.90999984741211
2025-02-03,60.400001525878906
2025-02-04,61.470001220703125
2025-02-05,61.86000061035156
2025-02-06,62.61000061035156
2025-02-07,61.34000015258789
2025-02-10,63.41999816894531
2025-02-11,62.90999984741211
2025-02-12,62.209999084472656
2025-02-13,62.97999954223633
2025-02-14,63.31999969482422
2025-02-18,64.63999938964844
2025-02-19,63.97999954223633
2025-02-20,64.12999725341797
2025-02-21,62.81999969482422
2025-02-24,63.02000045776367
2025-02-25,62.70000076293945
2025-02-26,62.720001220703125
2025-02-27,62.34000015258789
2025-02-28,62.2400016784668
2025-03-03,61.31999969482422
2025-03-04,60.61000061035156
2025-03-05,62.75
2025-03-06,62.70000076293945
2025-03-07,62.52000045776367
2025-03-10,60.470001220703125
2025-03-11,61.27000045776367
2025-03-12,61.209999084472656
2025-03-13,61.43000030517578
2025-03-14,63.88999938964844
2025-03-17,64.01000213623047
2025-03-18,64.18000030517578
2025-03-19,64.80000305175781
2025-03-20,64.18000030517578
2025-03-21,62.88999938964844
2025-03-24,63.7599983215332
2025-03-25,64.2699966430664
2025-03-26,63.9900016784668
2025-03-27,63.66999816894531
2025-03-28,61.869998931884766
2025-03-31,61.5
2025-04-01,61.529998779296875
2025-04-02,61.90999984741211
2025-04-03,57.58000183105469
2025-04-04,54.25
2025-04-07,54.189998626708984
2025-04-08,52.5
2025-04-09,57.439998626708984
2025-04-10,55.209999084472656
2025-04-11,56.79999923706055
2025-04-14,56.869998931884766
2025-04-15,56.7400016784668
2025-04-16,56.36000061035156
2025-04-17,56.9900016784668
2025-04-21,55.88999938964844
2025-04-22,57.560001373291016
2025-04-23,58.849998474121094
2025-04-24,60.45000076293945
2025-04-25,60.15999984741211
2025-04-28,60.599998474121094
2025-04-29,60.91999816894531
2025-04-30,60.130001068115234
2025-05-01,60.54999923706055
2025-05-02,62.5099983215332
2025-05-05,61.79999923706055
2025-05-06,61.709999084472656
2025-05-07,61.209999084472656
2025-05-08,61.349998474121094
2025-05-09,61.43000030517578
2025-05-12,63.130001068115234
2025-05-13,63.790000915527344
2025-05-14,63.45000076293945
2025-05-15,63.220001220703125
2025-05-16,63.5
2025-05-19,63.65999984741211
2025-05-20,63.40999984741211
2025-05-21,62.459999084472656
2025-05-22,61.689998626708984
2025-05-23,62.18000030517578
2025-05-27,63.599998474121094
2025-05-28,62.650001525878906
2025-05-29,62.68000030517578
2025-05-30,61.869998931884766
2025-06-02,63.75
2025-06-03,64.30000305175781
2025-06-04,64.4000015258789
2025-06-05,64.33000183105469
2025-06-06,65.02999877929688
2025-06-09,65.75
2025-06-10,65.97000122070312
2025-06-11,64.95999908447266
2025-06-12,64.87999725341797
2025-06-13,64.44999694824219
2025-06-16,65.2699966430664
2025-06-17,64.95999908447266
2025-06-18,64.80999755859375
2025-06-20,63.59000015258789
2025-06-23,64.30000305175781
2025-06-24,64.83000183105469
2025-06-25,64.22000122070312
2025-06-26,66.18000030517578
2025-06-27,66.52999877929688
2025-06-30,66.16000366210938
2025-07-01,67.18000030517578
2025-07-02,69.88999938964844
2025-07-03,70.19000244140625
2025-07-07,68.98999786376953
2025-07-08,69.98999786376953
2025-07-09,69.9800033569336
2025-07-10,71.05000305175781
2025-07-11,71.37999725341797
2025-07-14,70.37000274658203
2025-07-15,69.36000061035156
2025-07-16,69.16000366210938
2025-07-17,70.1500015258789
2025-07-18,70.04000091552734
2025-07-21,71.7300033569336
2025-07-22,73.26000213623047
2025-07-23,74.16000366210938
2025-07-24,72.05000305175781
2025-07-25,72.43000030517578
2025-07-28,71.08999633789062
2025-07-29,70.61000061035156
2025-07-30,69.69000244140625
2025-07-31,68.05999755859375
2025-08-01,66.97000122070312
2025-08-04,66.7300033569336
2025-08-05,67.37000274658203
2025-08-06,66.91999816894531
2025-08-07,67.61000061035156
2025-08-08,68.22000122070312
2025-08-11,68.0999984741211
2025-08-12,70.16000366210938
2025-08-13,71.20999908447266
2025-08-14,70.05000305175781
2025-08-15,69.56999969482422
2025-08-18,69.47000122070312
2025-08-19,69.29000091552734
2025-08-20,68.58000183105469
2025-08-21,68.72000122070312
2025-08-22,71.02999877929688
2025-08-25,71.08000183105469
2025-08-26,70.83999633789062
2025-08-27,71.0
2025-08-28,71.37999725341797
2025-08-29,71.08999633789062
2025-09-02,69.9000015258789
2025-09-03,69.72000122070312
2025-09-04,70.51000213623047
2025-09-05,72.19000244140625
2025-09-08,71.48999786376953
2025-09-09,70.20999908447266
2025-09-10,71.12999725341797
2025-09-11,72.19999694824219
2025-09-12,71.52999877929688
2025-09-15,72.58000183105469
2025-09-16,72.8499984741211
2025-09-17,72.20999908447266
2025-09-18,72.36000061035156
2025-09-19,72.05999755859375
2025-09-22,72.30999755859375
2025-09-23,71.86000061035156
2025-09-24,71.9000015258789
2025-09-25,71.93000030517578
